{"accuracy": 0.6122931442080378, "f1": 0.6951672862453532, "roc_auc": 0.6712002571144744}